count,newColumn
10,10.0
20,10.0
30,10.0
40,10.0
50,41.66666666666667
60,41.66666666666667
70,41.66666666666667
80,73.33333333333334
90,73.33333333333334
100,73.33333333333334
110,105.0
120,105.0
130,105.0
140,136.66666666666669
150,136.66666666666669
160,136.66666666666669
170,168.33333333333334
180,168.33333333333334
190,168.33333333333334
200,168.33333333333334