count,newColumn
10,10.0
20,10.0
30,10.0
40,10.0
50,10.0
60,10.0
70,10.0
80,73.33333333333334
90,73.33333333333334
100,73.33333333333334
110,73.33333333333334
120,73.33333333333334
130,73.33333333333334
140,136.66666666666669
150,136.66666666666669
160,136.66666666666669
170,136.66666666666669
180,136.66666666666669
190,136.66666666666669
200,136.66666666666669